name,email,phone,address
Name0,email_framgia0@gmail.com,00000000,DN0
Name1,email_framgia1@gmail.com,00000001,DN1
Name2,email_framgia2@gmail.com,00000002,DN2
Name3,email_framgia3@gmail.com,00000003,DN3
Name4,email_framgia4@gmail.com,00000004,DN4
Name5,email_framgia5@gmail.com,00000005,DN5
Name6,email_framgia6@gmail.com,00000006,DN6
Name7,email_framgia7@gmail.com,00000007,DN7
Name8,email_framgia8@gmail.com,00000008,DN8
Name9,email_framgia9@gmail.com,00000009,DN9
Name10,email_framgia10@gmail.com,000000010,DN10
Name11,email_framgia11@gmail.com,000000011,DN11
Name12,email_framgia12@gmail.com,000000012,DN12
Name13,email_framgia13@gmail.com,000000013,DN13
Name14,email_framgia14@gmail.com,000000014,DN14
Name15,email_framgia15@gmail.com,000000015,DN15
Name16,email_framgia16@gmail.com,000000016,DN16
Name17,email_framgia17@gmail.com,000000017,DN17
Name18,email_framgia18@gmail.com,000000018,DN18
Name19,email_framgia19@gmail.com,000000019,DN19
